{
  "config": {
    "seed": 42,
    "n_runs": 8,
    "n_moves": 400,
    "k_candidates": 5,
    "train_configs": 150
  },
  "nn_training": {
    "r2": 0.9841,
    "mse": 1.229,
    "mae": 0.855,
    "train_losses": [
      706.9728352864583,
      134.0690470377604,
      137.08850758870443,
      22.90359401702881,
      14.604681650797525,
      18.670174662272135,
      9.024128595987955,
      9.827645556132,
      9.458660570780436,
      12.003136889139812,
      8.112828954060872,
      9.217441240946451,
      6.2305216789245605,
      6.709446875254313,
      7.901124382019043,
      8.712790807088217,
      5.495971075693766,
      9.975525760650635,
      7.951347414652506,
      5.767112286885579,
      6.462110265096029,
      7.572316805521647,
      7.044760004679362,
      5.879772313435873
    ],
    "val_losses": [
      939.3252522786458,
      548.9303995768229,
      436.168701171875,
      253.06688639322917,
      34.19649988810222,
      38.456704457600914,
      4.148578929901123,
      2.1680307229359945,
      2.9973843733469647,
      3.980049419403076,
      3.5017354170481365,
      2.1478480815887453,
      5.112940247853597,
      1.7682716846466064,
      2.082471418380737,
      1.3984580755233764,
      2.780111837387085,
      2.4213337103525796,
      1.4327853361765543,
      2.393386236826579,
      2.92549843788147,
      2.4595173676808675,
      3.176963758468628,
      2.4989243348439536
    ]
  },
  "classic_sa": {
    "mean_score": 45.825,
    "std_score": 2.989,
    "min_score": 42.6,
    "max_score": 51.2,
    "mean_time_s": 0.4493,
    "std_time_s": 0.027,
    "mean_items": 2.75,
    "all_scores": [
      44.1,
      43.5,
      44.8,
      45.6,
      45.3,
      49.5,
      51.2,
      42.6
    ],
    "all_times": [
      0.5063,
      0.4206,
      0.4508,
      0.4444,
      0.4669,
      0.4273,
      0.4383,
      0.4399
    ],
    "conv_curves": [
      [
        19.0,
        24.6,
        32.7,
        31.0,
        31.0,
        31.0,
        31.0,
        31.0
      ],
      [
        31.3,
        29.0,
        29.0,
        31.3,
        11.0,
        11.0,
        32.7,
        31.0
      ],
      [
        36.6,
        26.0,
        24.0,
        24.0,
        24.0,
        24.0,
        24.0,
        24.0
      ],
      [
        35.5,
        44.1,
        31.3,
        11.0,
        11.0,
        32.7,
        31.0,
        32.7
      ],
      [
        31.0,
        31.0,
        31.0,
        31.0,
        31.0,
        32.7,
        31.0,
        31.0
      ],
      [
        37.6,
        32.7,
        31.0,
        32.7,
        31.0,
        31.0,
        31.0,
        31.0
      ],
      [
        31.0,
        31.0,
        31.0,
        31.0,
        31.0,
        31.0,
        31.0,
        31.0
      ],
      [
        21.0,
        32.0,
        24.0,
        24.0,
        24.0,
        24.0,
        24.0,
        24.0
      ]
    ]
  },
  "nn_sa": {
    "mean_score": 66.125,
    "std_score": 2.173,
    "min_score": 61.7,
    "max_score": 67.8,
    "mean_time_s": 3.8174,
    "std_time_s": 0.2703,
    "mean_items": 3.75,
    "all_scores": [
      61.7,
      66.3,
      67.8,
      67.8,
      67.6,
      67.8,
      65.4,
      64.6
    ],
    "all_times": [
      3.4281,
      4.0404,
      3.9304,
      4.2336,
      3.8016,
      3.9337,
      3.623,
      3.5481
    ],
    "conv_curves": [
      [
        35.3,
        25.3,
        61.7,
        36.0,
        43.8,
        44.5,
        31.0,
        43.0
      ],
      [
        40.8,
        48.4,
        49.8,
        51.3,
        47.6,
        35.0,
        60.8,
        59.3
      ],
      [
        45.3,
        34.0,
        51.2,
        51.8,
        67.8,
        67.8,
        67.8,
        31.6
      ],
      [
        34.0,
        34.8,
        25.3,
        47.8,
        51.8,
        67.8,
        31.0,
        39.5
      ],
      [
        46.0,
        40.0,
        48.8,
        47.6,
        44.1,
        33.0,
        60.8,
        31.0
      ],
      [
        41.5,
        57.8,
        44.1,
        59.3,
        50.5,
        43.0,
        50.0,
        48.4
      ],
      [
        49.5,
        28.7,
        49.0,
        44.7,
        34.0,
        43.3,
        35.3,
        45.3
      ],
      [
        50.0,
        32.0,
        44.1,
        39.0,
        56.9,
        31.3,
        43.0,
        60.0
      ]
    ]
  },
  "delta": {
    "score_gain": 20.3,
    "score_gain_pct": 44.3,
    "time_overhead_s": 3.3681
  }
}